slot,PA,games,pa_per_game,men_on_share,risp_share,bases_empty_share,risp_pa_per_game,men_on_pa_per_game,runners_on_per_pa,risp_runners_per_pa,risp_runners_per_game,mean_outs,lead_off_inning_share
1,512,112,4.5714,0.3242,0.1758,0.6758,0.8036,1.4821,0.4258,0.2148,0.9821,0.7754,0.416
2,498,112,4.4464,0.3936,0.2028,0.6064,0.9018,1.75,0.5221,0.2329,1.0357,0.9759,0.1667
3,482,112,4.3036,0.4149,0.2178,0.5851,0.9375,1.7857,0.5747,0.2552,1.0982,1.0664,0.1992
4,477,112,4.2589,0.478,0.2495,0.522,1.0625,2.0357,0.6583,0.304,1.2946,0.9811,0.2683
5,466,112,4.1607,0.4077,0.2425,0.5923,1.0089,1.6964,0.6116,0.3004,1.25,0.9142,0.2597
6,451,112,4.0268,0.4324,0.2106,0.5676,0.8482,1.7411,0.5987,0.2772,1.1161,1.0466,0.1907
7,440,112,3.9286,0.4568,0.2568,0.5432,1.0089,1.7946,0.6273,0.3136,1.2321,1.1045,0.2159
8,427,112,3.8125,0.4262,0.2646,0.5738,1.0089,1.625,0.5925,0.3232,1.2321,1.0187,0.2646
9,415,112,3.7054,0.4313,0.2578,0.5687,0.9554,1.5982,0.5904,0.3181,1.1786,1.0506,0.2217
