game_pk,game_date,game_year,pit_team,entry_inning,exit_inning,innings_appeared,total_pitches,uq_pas,innings_delta,is_start,is_bulk,entry_outs,entry_score_diff,rest_days
529438,2018-03-31,2018,BAL,6,7,2,39,10,1,False,False,0,-5,
529471,2018-04-03,2018,BAL,7,8,2,27,7,1,False,False,2,-1,2.0
529519,2018-04-07,2018,BAL,8,8,1,23,5,0,False,False,0,-5,3.0
529559,2018-04-09,2018,BAL,9,9,1,19,5,0,False,False,2,-1,1.0
566684,2019-05-11,2019,NYY,7,8,2,49,10,1,False,False,0,-2,396.0
567483,2019-05-19,2019,NYY,2,6,5,76,17,4,False,True,2,-1,7.0
565729,2019-05-26,2019,NYY,6,9,4,72,18,3,False,True,0,-3,6.0
567486,2019-05-29,2019,NYY,9,9,1,16,5,0,False,False,0,7,2.0
565350,2019-06-09,2019,NYY,3,5,3,49,9,2,False,False,0,5,10.0
567299,2019-06-15,2019,NYY,3,8,6,75,20,5,False,True,0,0,5.0
567496,2019-06-20,2019,NYY,3,5,3,57,13,2,False,False,0,0,4.0
567501,2019-06-25,2019,NYY,2,6,5,82,17,4,False,True,0,2,4.0
565067,2019-06-29,2019,NYY,4,7,4,58,14,3,False,True,2,8,3.0
566029,2019-07-03,2019,NYY,9,9,1,18,3,0,False,False,0,4,3.0
566709,2019-07-05,2019,NYY,7,8,2,22,6,1,False,False,1,1,1.0
567504,2019-07-13,2019,NYY,7,8,2,24,6,1,False,False,0,-2,7.0
567507,2019-07-16,2019,NYY,7,7,1,20,4,0,False,False,0,-1,2.0
567508,2019-07-18,2019,NYY,2,5,4,73,15,3,False,True,0,0,1.0
567013,2019-07-24,2019,NYY,4,7,4,54,13,3,False,True,1,4,5.0
565078,2019-07-27,2019,NYY,7,7,1,14,3,0,False,False,2,-5,2.0
567514,2019-07-31,2019,NYY,9,9,1,2,1,0,False,False,0,4,3.0
567487,2019-08-03,2019,NYY,2,3,2,44,10,1,False,False,0,0,2.0
564986,2019-08-06,2019,NYY,5,8,4,50,9,3,False,True,2,1,2.0
566919,2019-08-09,2019,NYY,6,7,2,36,7,1,False,False,0,-5,2.0
567518,2019-08-12,2019,NYY,8,9,2,33,7,1,False,False,0,5,2.0
567521,2019-08-15,2019,NYY,7,7,1,7,1,0,False,False,2,-11,2.0
567524,2019-08-18,2019,NYY,4,6,3,53,13,2,False,False,0,-4,2.0
565866,2019-08-23,2019,NYY,8,9,2,34,7,1,False,False,0,7,4.0
566438,2019-08-26,2019,NYY,6,7,2,29,6,1,False,False,1,2,2.0
567525,2019-08-30,2019,NYY,8,9,2,49,10,1,False,False,0,-4,3.0
567528,2019-09-02,2019,NYY,7,8,2,35,10,1,False,False,0,-2,2.0
565098,2019-09-06,2019,NYY,5,5,1,20,5,0,False,False,1,-3,3.0
565578,2019-09-10,2019,NYY,1,3,3,46,13,2,True,False,0,1,3.0
566938,2019-09-15,2019,NYY,4,5,2,38,9,1,False,False,2,0,4.0
567536,2019-09-22,2019,NYY,8,9,2,39,9,1,False,False,0,6,6.0
566846,2019-09-27,2019,NYY,9,9,1,3,2,0,False,False,1,7,4.0
566847,2019-09-28,2019,NYY,6,6,1,28,6,0,False,False,1,-3,0.0
631453,2020-07-25,2020,SEA,5,6,2,15,5,1,False,False,2,-5,300.0
631387,2020-07-28,2020,SEA,4,5,2,37,11,1,False,False,0,-1,2.0
631070,2020-08-03,2020,SEA,8,9,2,44,11,1,False,False,0,-9,5.0
631042,2020-08-06,2020,SEA,8,9,2,28,8,1,False,False,0,-3,2.0
631448,2020-08-14,2020,SEA,1,1,1,41,9,0,True,False,0,1,7.0
633854,2021-05-30,2021,NYY,3,6,4,65,18,3,False,True,1,-2,288.0
633824,2021-06-04,2021,NYY,8,9,2,34,7,1,False,False,0,-3,4.0
633763,2021-06-12,2021,NYY,1,4,4,65,15,3,True,False,1,-4,7.0
633606,2021-06-19,2021,NYY,5,7,3,50,11,2,False,False,0,-3,6.0
633559,2021-06-24,2021,NYY,7,9,3,37,11,2,False,False,1,6,4.0
633601,2021-06-28,2021,NYY,9,9,1,15,3,0,False,False,0,-2,3.0
633444,2021-06-29,2021,NYY,6,7,2,24,5,1,False,False,1,5,0.0
633417,2021-07-04,2021,NYY,1,4,4,59,12,3,True,False,0,0,4.0
633348,2021-07-09,2021,NYY,1,5,5,74,18,4,True,False,0,0,4.0
633181,2021-07-23,2021,NYY,6,7,2,35,9,1,False,False,0,-2,13.0
633122,2021-07-28,2021,NYY,1,5,5,79,19,4,True,False,0,0,4.0
633013,2021-08-05,2021,NYY,1,5,5,86,22,4,True,False,0,0,7.0
632987,2021-08-10,2021,NYY,1,6,6,80,24,5,True,False,0,0,4.0
632899,2021-08-15,2021,NYY,1,6,6,98,25,5,True,False,0,0,4.0
632799,2021-08-20,2021,NYY,1,7,7,104,27,6,True,False,0,0,4.0
632706,2021-08-28,2021,NYY,1,6,6,95,24,5,True,False,0,0,7.0
632642,2021-09-03,2021,NYY,1,6,6,84,22,5,True,False,0,0,5.0
632546,2021-09-09,2021,NYY,1,6,6,103,23,5,True,False,0,0,5.0
632494,2021-09-15,2021,NYY,1,7,7,98,24,6,True,False,0,0,5.0
632414,2021-09-20,2021,NYY,1,5,5,92,20,4,True,False,0,0,4.0
632354,2021-09-25,2021,NYY,1,5,5,80,17,4,True,False,0,0,4.0
632282,2021-10-01,2021,NYY,1,5,5,67,18,4,True,False,0,0,5.0
661314,2022-04-12,2022,NYY,1,5,5,72,16,4,True,False,0,0,192.0
663365,2022-04-17,2022,NYY,1,6,6,88,19,5,True,False,0,0,4.0
661310,2022-04-23,2022,NYY,1,7,7,91,21,6,True,False,0,0,5.0
662741,2022-04-29,2022,NYY,1,5,5,82,22,4,True,False,0,3,5.0
661795,2022-05-04,2022,NYY,1,4,4,83,19,3,True,False,0,0,4.0
661303,2022-05-09,2022,NYY,1,8,8,103,27,7,True,False,0,0,4.0
661489,2022-05-15,2022,NYY,1,8,8,99,27,7,True,False,0,0,5.0
661289,2022-05-21,2022,NYY,1,5,5,100,22,4,True,False,0,0,5.0
662051,2022-05-26,2022,NYY,1,9,9,109,29,8,True,False,0,0,4.0
661330,2022-06-02,2022,NYY,1,7,7,96,27,6,True,False,0,0,6.0
661681,2022-06-08,2022,NYY,1,5,5,88,19,4,True,False,0,0,5.0
661327,2022-06-15,2022,NYY,1,6,6,91,22,5,True,False,0,0,6.0
661890,2022-06-21,2022,NYY,1,5,5,63,19,4,True,False,0,0,5.0
661273,2022-06-26,2022,NYY,1,5,5,85,22,4,True,False,0,0,4.0
662954,2022-07-02,2022,NYY,1,6,6,89,21,5,True,False,0,0,5.0
663202,2022-07-08,2022,NYY,1,4,4,73,21,3,True,False,0,4,5.0
661261,2022-07-14,2022,NYY,1,7,7,89,27,6,True,False,0,0,5.0
661056,2022-07-24,2022,NYY,1,6,6,94,24,5,True,False,0,0,9.0
661255,2022-07-30,2022,NYY,1,5,5,90,21,4,True,False,0,0,5.0
661946,2022-08-05,2022,NYY,1,6,6,83,21,5,True,False,0,1,5.0
662185,2022-08-10,2022,NYY,1,7,7,93,21,6,True,False,0,0,4.0
661250,2022-08-16,2022,NYY,1,7,7,97,26,6,True,False,0,0,5.0
661239,2022-08-21,2022,NYY,1,6,6,103,22,5,True,False,0,0,4.0
661252,2022-09-08,2022,NYY,1,5,5,58,14,4,True,False,0,0,17.0
663159,2022-09-14,2022,NYY,1,6,6,65,20,5,True,False,0,0,5.0
661229,2022-09-20,2022,NYY,1,5,5,87,22,4,True,False,0,0,5.0
661220,2022-09-25,2022,NYY,1,6,6,101,21,5,True,False,0,0,4.0
661217,2022-10-01,2022,NYY,1,8,8,93,24,7,True,False,0,0,5.0
718725,2023-04-03,2023,NYY,1,5,5,80,21,4,True,False,0,0,183.0
718651,2023-04-09,2023,NYY,1,6,6,91,21,5,True,False,0,1,5.0
718588,2023-04-14,2023,NYY,1,7,7,93,26,6,True,False,0,0,4.0
718496,2023-04-20,2023,NYY,1,7,7,95,25,6,True,False,0,0,5.0
718427,2023-04-25,2023,NYY,1,6,6,98,22,5,True,False,0,1,4.0
718356,2023-04-30,2023,NYY,1,5,5,100,23,4,True,False,0,0,4.0
718255,2023-05-08,2023,NYY,1,6,6,89,23,5,True,False,0,0,7.0
718197,2023-05-13,2023,NYY,1,5,5,79,20,4,True,False,0,0,4.0
718121,2023-05-18,2023,NYY,1,7,7,91,23,6,True,False,0,2,4.0
718040,2023-05-24,2023,NYY,1,7,7,89,25,6,True,False,0,0,5.0
717952,2023-05-30,2023,NYY,1,5,5,101,24,4,True,False,0,3,5.0
717126,2023-08-05,2023,NYY,1,4,4,64,14,3,True,False,0,0,66.0
746418,2024-03-28,2024,NYY,1,5,5,76,22,4,True,False,0,0,235.0
747220,2024-04-02,2024,NYY,1,6,6,88,24,5,True,False,0,0,4.0
745761,2024-04-08,2024,NYY,1,8,8,102,26,7,True,False,0,0,5.0
746648,2024-04-14,2024,NYY,1,5,5,94,21,4,True,False,0,0,5.0
745760,2024-04-20,2024,NYY,1,7,7,102,26,6,True,False,0,0,5.0
745755,2024-04-25,2024,NYY,1,7,7,94,26,6,True,False,0,0,4.0
747047,2024-04-30,2024,NYY,1,6,6,92,29,5,True,False,0,0,4.0
745751,2024-05-05,2024,NYY,1,7,7,97,23,6,True,False,0,0,4.0
745096,2024-05-11,2024,NYY,1,6,6,89,23,5,True,False,0,0,5.0
745747,2024-05-17,2024,NYY,1,7,7,94,27,6,True,False,0,0,5.0
745743,2024-05-22,2024,NYY,1,5,5,97,19,4,True,False,0,0,4.0
746229,2024-05-28,2024,NYY,1,6,6,88,20,5,True,False,0,1,5.0
745330,2024-06-02,2024,NYY,1,5,5,95,20,4,True,False,0,1,4.0
745735,2024-06-08,2024,NYY,1,6,6,83,23,5,True,False,0,0,5.0
746299,2024-06-13,2024,NYY,1,7,7,88,27,6,True,False,0,0,4.0
745733,2024-06-18,2024,NYY,1,6,6,105,23,5,True,False,0,0,4.0
745727,2024-06-23,2024,NYY,1,7,7,102,27,6,True,False,0,0,4.0
744921,2024-06-29,2024,NYY,1,5,5,87,20,4,True,False,0,0,5.0
745725,2024-07-05,2024,NYY,1,6,6,97,22,5,True,False,0,0,5.0
745065,2024-07-11,2024,NYY,1,5,5,97,23,4,True,False,0,0,5.0
745720,2024-07-20,2024,NYY,1,5,5,92,22,4,True,False,0,0,8.0
746933,2024-07-26,2024,NYY,1,5,5,81,26,4,True,False,0,0,5.0
745543,2024-07-31,2024,NYY,1,6,6,99,21,5,True,False,0,0,4.0
745710,2024-08-08,2024,NYY,1,5,5,95,22,4,True,False,0,0,7.0
746757,2024-08-13,2024,NYY,1,7,7,104,24,6,True,False,0,0,4.0
745704,2024-08-21,2024,NYY,1,7,7,104,23,6,True,False,0,0,7.0
744813,2024-08-26,2024,NYY,1,7,7,91,26,6,True,False,0,1,4.0
745701,2024-09-01,2024,NYY,1,4,4,80,21,3,True,False,0,0,5.0
746829,2024-09-07,2024,NYY,5,9,5,48,14,4,False,True,2,1,5.0
745695,2024-09-12,2024,NYY,1,5,5,93,20,4,True,False,0,0,4.0
745199,2024-09-18,2024,NYY,1,6,6,97,24,5,True,False,0,0,5.0
778538,2025-03-29,2025,MIL,1,3,3,64,17,2,True,False,0,0,191.0
778468,2025-04-03,2025,MIL,1,6,6,86,21,5,True,False,0,0,4.0
776838,2025-08-06,2025,SD,1,5,5,76,20,4,True,False,0,0,124.0
776767,2025-08-12,2025,SD,1,5,5,79,21,4,True,False,0,1,5.0
776683,2025-08-18,2025,SD,1,6,6,90,27,5,True,False,0,0,5.0
776617,2025-08-23,2025,SD,1,6,6,81,19,5,True,False,0,0,4.0
776541,2025-08-29,2025,SD,1,4,4,66,15,3,True,False,0,0,5.0
776465,2025-09-03,2025,SD,1,3,3,57,17,2,True,False,0,0,4.0
